symbol,date,open,high,low,close,volume,wap,barcount
NVDA,20250505 09:30:00 US/Eastern,112.91,113.59,112.76,113.54,2401083,113.09,4744
NVDA,20250505 09:31:00 US/Eastern,113.54,113.8,113.31,113.75,949670,113.538,3765
NVDA,20250505 09:32:00 US/Eastern,113.76,113.97,113.51,113.54,796849,113.778,2938
NVDA,20250505 09:33:00 US/Eastern,113.53,113.76,113.44,113.76,633369,113.592,2190
NVDA,20250505 09:34:00 US/Eastern,113.76,113.94,113.57,113.94,727096,113.801,2596
NVDA,20250505 09:35:00 US/Eastern,113.92,114.08,113.86,113.97,775780,113.983,2518
NVDA,20250505 09:36:00 US/Eastern,113.96,113.97,113.72,113.86,548104,113.866,2093
NVDA,20250505 09:37:00 US/Eastern,113.88,114.18,113.84,114.12,744247,114.051,2607
NVDA,20250505 09:38:00 US/Eastern,114.1,114.17,113.96,114.1,546297,114.074,1838
NVDA,20250505 09:39:00 US/Eastern,114.1,114.11,113.7,113.71,540300,113.85,1982
NVDA,20250505 09:40:00 US/Eastern,113.72,113.85,113.57,113.61,590991,113.67,1918
NVDA,20250505 09:41:00 US/Eastern,113.62,113.8,113.6,113.66,419428,113.705,1574
NVDA,20250505 09:42:00 US/Eastern,113.66,113.7,113.49,113.69,475163,113.601,1719
NVDA,20250505 09:43:00 US/Eastern,113.7,113.96,113.68,113.92,505371,113.85,1949
NVDA,20250505 09:44:00 US/Eastern,113.92,114.02,113.85,113.88,477750,113.943,1528
NVDA,20250505 09:45:00 US/Eastern,113.88,114.15,113.75,114.08,517555,114.009,1664
NVDA,20250505 09:46:00 US/Eastern,114.07,114.29,114.06,114.25,552697,114.189,1900
NVDA,20250505 09:47:00 US/Eastern,114.25,114.38,114.1,114.22,656954,114.226,2276
NVDA,20250505 09:48:00 US/Eastern,114.24,114.34,114.14,114.28,432587,114.236,1730
NVDA,20250505 09:49:00 US/Eastern,114.27,114.28,114.05,114.06,379208,114.162,1338
NVDA,20250505 09:50:00 US/Eastern,114.07,114.1,113.81,113.82,483808,113.946,1590
NVDA,20250505 09:51:00 US/Eastern,113.82,113.91,113.72,113.79,483387,113.794,1555
NVDA,20250505 09:52:00 US/Eastern,113.78,113.9,113.69,113.87,443946,113.768,1491
NVDA,20250505 09:53:00 US/Eastern,113.87,113.88,113.64,113.79,364069,113.722,1194
NVDA,20250505 09:54:00 US/Eastern,113.77,113.81,113.65,113.81,281092,113.723,817
NVDA,20250505 09:55:00 US/Eastern,113.81,113.94,113.67,113.84,407195,113.811,1467
NVDA,20250505 09:56:00 US/Eastern,113.84,113.99,113.72,113.99,409436,113.866,1254
NVDA,20250505 09:57:00 US/Eastern,113.98,114.02,113.88,113.95,347208,113.961,1221
NVDA,20250505 09:58:00 US/Eastern,113.96,113.99,113.8,113.86,270605,113.903,975
NVDA,20250505 09:59:00 US/Eastern,113.86,113.88,113.72,113.75,273498,113.787,1004
NVDA,20250505 10:00:00 US/Eastern,113.76,114.13,113.73,114.1,671750,114.018,2826
NVDA,20250505 10:01:00 US/Eastern,114.1,114.2,114.02,114.09,400022,114.129,1186
NVDA,20250505 10:02:00 US/Eastern,114.09,114.14,113.85,113.95,357740,113.992,1250
NVDA,20250505 10:03:00 US/Eastern,113.93,114.03,113.86,113.92,284108,113.932,891
NVDA,20250505 10:04:00 US/Eastern,113.92,113.93,113.75,113.81,372936,113.829,1322
NVDA,20250505 10:05:00 US/Eastern,113.81,113.89,113.67,113.78,382796,113.784,1135
NVDA,20250505 10:06:00 US/Eastern,113.78,113.78,113.56,113.57,486088,113.659,1689
NVDA,20250505 10:07:00 US/Eastern,113.57,113.78,113.52,113.65,441514,113.655,1391
NVDA,20250505 10:08:00 US/Eastern,113.65,113.72,113.47,113.71,448068,113.583,1564
NVDA,20250505 10:09:00 US/Eastern,113.72,113.75,113.55,113.65,294853,113.649,1090
NVDA,20250505 10:10:00 US/Eastern,113.63,113.68,113.47,113.51,369284,113.549,1331
NVDA,20250505 10:11:00 US/Eastern,113.51,113.6,113.4,113.46,402038,113.458,1311
NVDA,20250505 10:12:00 US/Eastern,113.46,113.54,113.27,113.28,484992,113.395,1559
NVDA,20250505 10:13:00 US/Eastern,113.29,113.32,113.1,113.27,706132,113.216,2313
NVDA,20250505 10:14:00 US/Eastern,113.27,113.35,113.16,113.31,322770,113.255,1246
NVDA,20250505 10:15:00 US/Eastern,113.31,113.44,113.22,113.38,395300,113.329,1449
NVDA,20250505 10:16:00 US/Eastern,113.37,113.4,113.18,113.29,354115,113.297,1204
NVDA,20250505 10:17:00 US/Eastern,113.28,113.43,113.23,113.41,260712,113.32,964
NVDA,20250505 10:18:00 US/Eastern,113.4,113.6,113.39,113.6,479247,113.506,1739
NVDA,20250505 10:19:00 US/Eastern,113.59,113.6,113.45,113.46,260969,113.519,885
NVDA,20250505 10:20:00 US/Eastern,113.47,113.53,113.25,113.27,401514,113.369,1281
NVDA,20250505 10:21:00 US/Eastern,113.26,113.29,113.09,113.28,520854,113.192,1635
NVDA,20250505 10:22:00 US/Eastern,113.28,113.31,113.07,113.14,423557,113.157,1465
NVDA,20250505 10:23:00 US/Eastern,113.14,113.22,113.02,113.03,357126,113.084,1154
NVDA,20250505 10:24:00 US/Eastern,113.03,113.05,112.91,113.01,684731,112.984,2177
NVDA,20250505 10:25:00 US/Eastern,113.02,113.17,113.01,113.12,445260,113.095,1452
NVDA,20250505 10:26:00 US/Eastern,113.13,113.18,113.0,113.16,266417,113.096,922
NVDA,20250505 10:27:00 US/Eastern,113.16,113.33,113.1,113.26,430830,113.233,1299
NVDA,20250505 10:28:00 US/Eastern,113.25,113.33,113.16,113.27,350769,113.259,1379
NVDA,20250505 10:29:00 US/Eastern,113.27,113.33,113.17,113.25,247391,113.251,752
NVDA,20250505 10:30:00 US/Eastern,113.25,113.33,113.19,113.24,210937,113.265,802
NVDA,20250505 10:31:00 US/Eastern,113.23,113.25,113.13,113.18,194032,113.182,685
NVDA,20250505 10:32:00 US/Eastern,113.19,113.23,113.05,113.06,206526,113.122,675
NVDA,20250505 10:33:00 US/Eastern,113.06,113.07,112.95,113.0,416258,113.008,1099
NVDA,20250505 10:34:00 US/Eastern,112.99,113.01,112.85,112.88,463029,112.916,1374
NVDA,20250505 10:35:00 US/Eastern,112.87,112.99,112.82,112.83,373124,112.897,1328
NVDA,20250505 10:36:00 US/Eastern,112.84,112.88,112.66,112.78,628594,112.778,1977
NVDA,20250505 10:37:00 US/Eastern,112.77,112.97,112.75,112.94,353689,112.88,1134
NVDA,20250505 10:38:00 US/Eastern,112.95,113.17,112.94,113.17,416543,113.067,1190
NVDA,20250505 10:39:00 US/Eastern,113.17,113.35,113.16,113.27,482286,113.284,1358
NVDA,20250505 10:40:00 US/Eastern,113.27,113.28,113.15,113.19,307987,113.198,991
NVDA,20250505 10:41:00 US/Eastern,113.19,113.32,113.19,113.29,295782,113.271,891
NVDA,20250505 10:42:00 US/Eastern,113.28,113.42,113.22,113.25,491766,113.324,1472
NVDA,20250505 10:43:00 US/Eastern,113.25,113.34,113.2,113.27,320900,113.264,1027
NVDA,20250505 10:44:00 US/Eastern,113.28,113.38,113.27,113.37,209244,113.334,688
NVDA,20250505 10:45:00 US/Eastern,113.36,113.5,113.36,113.42,411778,113.439,1257
NVDA,20250505 10:46:00 US/Eastern,113.43,113.48,113.32,113.32,239152,113.399,806
NVDA,20250505 10:47:00 US/Eastern,113.33,113.41,113.3,113.33,254074,113.347,851
NVDA,20250505 10:48:00 US/Eastern,113.33,113.39,113.31,113.37,201276,113.348,664
NVDA,20250505 10:49:00 US/Eastern,113.37,113.41,113.3,113.3,197662,113.342,603
NVDA,20250505 10:50:00 US/Eastern,113.3,113.47,113.3,113.46,250706,113.39,916
NVDA,20250505 10:51:00 US/Eastern,113.46,113.46,113.38,113.39,128635,113.415,462
NVDA,20250505 10:52:00 US/Eastern,113.38,113.38,113.31,113.36,132188,113.355,457
NVDA,20250505 10:53:00 US/Eastern,113.35,113.44,113.32,113.39,192646,113.384,622
NVDA,20250505 10:54:00 US/Eastern,113.39,113.55,113.35,113.55,374123,113.481,1025
NVDA,20250505 10:55:00 US/Eastern,113.53,113.61,113.52,113.55,329291,113.575,970
NVDA,20250505 10:56:00 US/Eastern,113.55,113.6,113.51,113.59,212034,113.569,634
NVDA,20250505 10:57:00 US/Eastern,113.59,113.67,113.58,113.66,285109,113.635,763
NVDA,20250505 10:58:00 US/Eastern,113.66,113.72,113.59,113.63,237260,113.656,738
NVDA,20250505 10:59:00 US/Eastern,113.62,113.65,113.56,113.56,138633,113.612,512
NVDA,20250505 11:00:00 US/Eastern,113.57,113.62,113.47,113.56,243777,113.558,868
NVDA,20250505 11:01:00 US/Eastern,113.56,113.68,113.54,113.68,206838,113.636,596
NVDA,20250505 11:02:00 US/Eastern,113.67,113.7,113.61,113.64,193172,113.669,635
NVDA,20250505 11:03:00 US/Eastern,113.63,113.79,113.61,113.75,421463,113.706,801
NVDA,20250505 11:04:00 US/Eastern,113.75,113.8,113.72,113.78,209613,113.768,510
NVDA,20250505 11:05:00 US/Eastern,113.78,113.81,113.68,113.73,284840,113.764,707
NVDA,20250505 11:06:00 US/Eastern,113.73,113.73,113.51,113.6,376168,113.609,1314
NVDA,20250505 11:07:00 US/Eastern,113.6,113.65,113.51,113.63,245530,113.58,614
NVDA,20250505 11:08:00 US/Eastern,113.64,113.65,113.57,113.58,154111,113.614,476
NVDA,20250505 11:09:00 US/Eastern,113.58,113.62,113.48,113.52,248720,113.529,654
NVDA,20250505 11:10:00 US/Eastern,113.52,113.58,113.44,113.52,289174,113.509,861
NVDA,20250505 11:11:00 US/Eastern,113.53,113.62,113.5,113.52,222767,113.568,894
NVDA,20250505 11:12:00 US/Eastern,113.52,113.65,113.5,113.59,199911,113.595,812
NVDA,20250505 11:13:00 US/Eastern,113.58,113.65,113.52,113.62,156621,113.59,493
NVDA,20250505 11:14:00 US/Eastern,113.63,113.75,113.61,113.71,288090,113.697,846
NVDA,20250505 11:15:00 US/Eastern,113.71,113.78,113.66,113.69,250480,113.733,855
NVDA,20250505 11:16:00 US/Eastern,113.7,113.7,113.56,113.63,165860,113.63,627
NVDA,20250505 11:17:00 US/Eastern,113.64,113.68,113.59,113.67,169366,113.636,506
NVDA,20250505 11:18:00 US/Eastern,113.68,113.73,113.61,113.68,153295,113.692,574
NVDA,20250505 11:19:00 US/Eastern,113.67,113.75,113.65,113.75,124956,113.701,396
NVDA,20250505 11:20:00 US/Eastern,113.75,113.75,113.68,113.73,134753,113.724,419
NVDA,20250505 11:21:00 US/Eastern,113.72,113.82,113.67,113.81,277216,113.762,863
NVDA,20250505 11:22:00 US/Eastern,113.81,113.87,113.77,113.81,247435,113.824,713
NVDA,20250505 11:23:00 US/Eastern,113.81,113.96,113.79,113.94,433335,113.895,1237
NVDA,20250505 11:24:00 US/Eastern,113.95,113.97,113.85,113.95,304692,113.929,1232
NVDA,20250505 11:25:00 US/Eastern,113.95,113.95,113.87,113.89,190197,113.903,683
NVDA,20250505 11:26:00 US/Eastern,113.89,113.94,113.85,113.88,228854,113.888,912
NVDA,20250505 11:27:00 US/Eastern,113.89,113.94,113.88,113.92,174618,113.918,622
NVDA,20250505 11:28:00 US/Eastern,113.92,113.93,113.85,113.89,154964,113.89,623
NVDA,20250505 11:29:00 US/Eastern,113.89,113.93,113.84,113.92,174039,113.9,744
NVDA,20250505 11:30:00 US/Eastern,113.92,114.08,113.87,114.07,583717,113.998,1792
NVDA,20250505 11:31:00 US/Eastern,114.07,114.12,114.03,114.07,399511,114.088,1466
NVDA,20250505 11:32:00 US/Eastern,114.06,114.08,113.95,113.97,291141,114.006,1058
NVDA,20250505 11:33:00 US/Eastern,113.98,113.98,113.85,113.89,283068,113.92,850
NVDA,20250505 11:34:00 US/Eastern,113.89,113.89,113.82,113.84,222842,113.855,737
NVDA,20250505 11:35:00 US/Eastern,113.84,113.85,113.75,113.78,260566,113.789,925
NVDA,20250505 11:36:00 US/Eastern,113.78,113.79,113.65,113.69,308252,113.714,962
NVDA,20250505 11:37:00 US/Eastern,113.7,113.74,113.66,113.71,213647,113.705,721
NVDA,20250505 11:38:00 US/Eastern,113.71,113.72,113.62,113.64,229194,113.648,771
NVDA,20250505 11:39:00 US/Eastern,113.64,113.69,113.6,113.64,187921,113.651,588
NVDA,20250505 11:40:00 US/Eastern,113.65,113.78,113.61,113.75,270533,113.708,780
NVDA,20250505 11:41:00 US/Eastern,113.76,113.8,113.71,113.73,181130,113.755,606
NVDA,20250505 11:42:00 US/Eastern,113.73,113.75,113.57,113.58,231690,113.627,682
NVDA,20250505 11:43:00 US/Eastern,113.58,113.63,113.47,113.53,393476,113.524,1120
NVDA,20250505 11:44:00 US/Eastern,113.54,113.56,113.4,113.54,314737,113.477,977
NVDA,20250505 11:45:00 US/Eastern,113.53,113.64,113.51,113.63,249971,113.577,758
NVDA,20250505 11:46:00 US/Eastern,113.64,113.68,113.6,113.63,188234,113.646,554
NVDA,20250505 11:47:00 US/Eastern,113.63,113.63,113.51,113.52,158050,113.552,535
NVDA,20250505 11:48:00 US/Eastern,113.53,113.6,113.5,113.56,137668,113.545,430
NVDA,20250505 11:49:00 US/Eastern,113.55,113.6,113.48,113.55,196900,113.534,653
NVDA,20250505 11:50:00 US/Eastern,113.54,113.71,113.53,113.71,208201,113.636,585
NVDA,20250505 11:51:00 US/Eastern,113.71,113.77,113.7,113.71,214736,113.733,562
NVDA,20250505 11:52:00 US/Eastern,113.72,113.78,113.69,113.76,168872,113.75,419
NVDA,20250505 11:53:00 US/Eastern,113.76,113.8,113.72,113.74,138736,113.758,383
NVDA,20250505 11:54:00 US/Eastern,113.74,113.75,113.67,113.7,126938,113.704,410
NVDA,20250505 11:55:00 US/Eastern,113.7,113.72,113.65,113.67,93008,113.679,370
NVDA,20250505 11:56:00 US/Eastern,113.66,113.7,113.63,113.66,134010,113.671,544
NVDA,20250505 11:57:00 US/Eastern,113.67,113.69,113.5,113.56,278813,113.561,1144
NVDA,20250505 11:58:00 US/Eastern,113.55,113.62,113.5,113.59,140875,113.564,527
NVDA,20250505 11:59:00 US/Eastern,113.6,113.63,113.55,113.57,111349,113.598,351
NVDA,20250505 12:00:00 US/Eastern,113.57,113.7,113.56,113.64,187220,113.639,595
NVDA,20250505 12:01:00 US/Eastern,113.64,113.74,113.6,113.72,180481,113.66,537
NVDA,20250505 12:02:00 US/Eastern,113.72,113.73,113.6,113.66,128137,113.669,389
NVDA,20250505 12:03:00 US/Eastern,113.67,113.72,113.62,113.68,128207,113.673,326
NVDA,20250505 12:04:00 US/Eastern,113.68,113.75,113.63,113.75,162866,113.69,447
NVDA,20250505 12:05:00 US/Eastern,113.75,113.77,113.68,113.74,213871,113.724,455
NVDA,20250505 12:06:00 US/Eastern,113.75,113.8,113.73,113.76,198017,113.776,558
NVDA,20250505 12:07:00 US/Eastern,113.76,113.78,113.7,113.74,135088,113.736,458
NVDA,20250505 12:08:00 US/Eastern,113.74,113.75,113.66,113.7,105590,113.691,422
NVDA,20250505 12:09:00 US/Eastern,113.71,113.71,113.63,113.67,110077,113.678,305
NVDA,20250505 12:10:00 US/Eastern,113.67,113.69,113.65,113.67,74485,113.671,249
NVDA,20250505 12:11:00 US/Eastern,113.68,113.72,113.67,113.7,87071,113.691,285
NVDA,20250505 12:12:00 US/Eastern,113.7,113.75,113.68,113.73,98997,113.729,325
NVDA,20250505 12:13:00 US/Eastern,113.71,113.77,113.7,113.73,133936,113.732,359
NVDA,20250505 12:14:00 US/Eastern,113.73,113.75,113.69,113.75,88644,113.726,340
NVDA,20250505 12:15:00 US/Eastern,113.75,113.79,113.71,113.77,126001,113.75,427
NVDA,20250505 12:16:00 US/Eastern,113.77,113.8,113.75,113.79,110973,113.776,377
NVDA,20250505 12:17:00 US/Eastern,113.79,113.91,113.79,113.86,356555,113.854,1180
NVDA,20250505 12:18:00 US/Eastern,113.86,113.88,113.83,113.87,162772,113.854,444
NVDA,20250505 12:19:00 US/Eastern,113.87,113.9,113.83,113.86,156322,113.865,506
NVDA,20250505 12:20:00 US/Eastern,113.85,113.95,113.85,113.93,189417,113.904,652
NVDA,20250505 12:21:00 US/Eastern,113.93,113.93,113.84,113.9,160102,113.885,608
NVDA,20250505 12:22:00 US/Eastern,113.9,113.95,113.86,113.89,182807,113.908,627
NVDA,20250505 12:23:00 US/Eastern,113.89,113.93,113.83,113.91,116353,113.896,434
NVDA,20250505 12:24:00 US/Eastern,113.91,113.93,113.86,113.91,122339,113.91,386
NVDA,20250505 12:25:00 US/Eastern,113.9,113.92,113.84,113.84,137581,113.875,482
NVDA,20250505 12:26:00 US/Eastern,113.84,113.87,113.77,113.78,172092,113.833,491
NVDA,20250505 12:27:00 US/Eastern,113.78,113.85,113.77,113.83,82608,113.807,348
NVDA,20250505 12:28:00 US/Eastern,113.83,113.9,113.82,113.83,106638,113.861,385
NVDA,20250505 12:29:00 US/Eastern,113.83,113.86,113.73,113.79,138461,113.791,472
NVDA,20250505 12:30:00 US/Eastern,113.79,113.79,113.74,113.76,74219,113.761,303
NVDA,20250505 12:31:00 US/Eastern,113.76,113.78,113.64,113.65,183144,113.727,453
NVDA,20250505 12:32:00 US/Eastern,113.66,113.7,113.61,113.67,170627,113.663,554
NVDA,20250505 12:33:00 US/Eastern,113.67,113.75,113.67,113.75,105628,113.718,357
NVDA,20250505 12:34:00 US/Eastern,113.75,113.75,113.67,113.71,65867,113.709,255
NVDA,20250505 12:35:00 US/Eastern,113.71,113.77,113.67,113.77,131465,113.734,478
NVDA,20250505 12:36:00 US/Eastern,113.77,113.8,113.7,113.77,137353,113.762,424
NVDA,20250505 12:37:00 US/Eastern,113.78,113.83,113.77,113.81,94300,113.799,291
NVDA,20250505 12:38:00 US/Eastern,113.81,113.83,113.78,113.82,104903,113.809,252
NVDA,20250505 12:39:00 US/Eastern,113.81,113.88,113.81,113.86,180870,113.855,561
NVDA,20250505 12:40:00 US/Eastern,113.86,113.98,113.85,113.98,271432,113.937,778
NVDA,20250505 12:41:00 US/Eastern,113.98,114.05,113.95,114.05,379818,113.997,1140
NVDA,20250505 12:42:00 US/Eastern,114.04,114.06,113.99,114.01,262276,114.029,1023
NVDA,20250505 12:43:00 US/Eastern,114.01,114.03,113.94,114.02,184197,113.984,653
NVDA,20250505 12:44:00 US/Eastern,114.02,114.04,113.97,114.02,127936,114.01,398
NVDA,20250505 12:45:00 US/Eastern,114.03,114.04,113.95,113.99,101431,113.992,355
NVDA,20250505 12:46:00 US/Eastern,114.0,114.01,113.92,113.98,149357,113.959,475
NVDA,20250505 12:47:00 US/Eastern,113.98,114.0,113.96,113.98,78611,113.982,239
NVDA,20250505 12:48:00 US/Eastern,113.97,114.02,113.97,113.97,121421,113.994,474
NVDA,20250505 12:49:00 US/Eastern,113.98,114.03,113.94,114.02,102556,114.008,378
NVDA,20250505 12:50:00 US/Eastern,114.03,114.06,113.94,113.96,245473,114.009,533
NVDA,20250505 12:51:00 US/Eastern,113.95,113.97,113.86,113.92,189363,113.916,544
NVDA,20250505 12:52:00 US/Eastern,113.92,113.94,113.85,113.86,96945,113.909,313
NVDA,20250505 12:53:00 US/Eastern,113.85,113.92,113.85,113.89,116860,113.883,439
NVDA,20250505 12:54:00 US/Eastern,113.89,113.96,113.88,113.96,99517,113.923,399
NVDA,20250505 12:55:00 US/Eastern,113.96,113.99,113.93,113.98,132351,113.96,355
NVDA,20250505 12:56:00 US/Eastern,113.98,114.05,113.97,114.01,183251,114.013,499
NVDA,20250505 12:57:00 US/Eastern,114.02,114.03,113.95,113.99,118172,113.991,403
NVDA,20250505 12:58:00 US/Eastern,114.0,114.0,113.95,113.97,87511,113.972,399
NVDA,20250505 12:59:00 US/Eastern,113.96,114.04,113.96,114.02,112169,114.002,452
NVDA,20250505 13:00:00 US/Eastern,114.02,114.04,113.9,113.93,190625,113.947,695
NVDA,20250505 13:01:00 US/Eastern,113.93,113.96,113.89,113.91,134343,113.929,399
NVDA,20250505 13:02:00 US/Eastern,113.91,113.99,113.88,113.96,149066,113.938,503
NVDA,20250505 13:03:00 US/Eastern,113.96,114.03,113.92,113.92,138129,113.967,498
NVDA,20250505 13:04:00 US/Eastern,113.93,113.94,113.88,113.91,194713,113.909,493
NVDA,20250505 13:05:00 US/Eastern,113.92,113.96,113.89,113.93,78728,113.919,294
NVDA,20250505 13:06:00 US/Eastern,113.93,113.98,113.9,113.92,151090,113.945,479
NVDA,20250505 13:07:00 US/Eastern,113.93,113.94,113.89,113.91,73043,113.908,250
NVDA,20250505 13:08:00 US/Eastern,113.92,114.06,113.9,114.02,252360,114.013,687
NVDA,20250505 13:09:00 US/Eastern,114.03,114.05,113.95,114.05,232475,114.004,672
NVDA,20250505 13:10:00 US/Eastern,114.04,114.1,114.01,114.09,358818,114.068,1174
NVDA,20250505 13:11:00 US/Eastern,114.09,114.1,114.03,114.08,203448,114.076,567
NVDA,20250505 13:12:00 US/Eastern,114.08,114.08,113.97,114.01,130250,114.014,445
NVDA,20250505 13:13:00 US/Eastern,114.01,114.04,113.95,113.98,191059,113.997,515
NVDA,20250505 13:14:00 US/Eastern,113.98,113.99,113.92,113.95,130571,113.965,315
NVDA,20250505 13:15:00 US/Eastern,113.95,113.97,113.87,113.93,194038,113.915,655
NVDA,20250505 13:16:00 US/Eastern,113.93,113.97,113.9,113.97,178756,113.94,511
NVDA,20250505 13:17:00 US/Eastern,113.98,113.99,113.93,113.98,114543,113.963,319
NVDA,20250505 13:18:00 US/Eastern,113.99,113.99,113.9,113.94,125316,113.929,414
NVDA,20250505 13:19:00 US/Eastern,113.93,113.98,113.91,113.98,60383,113.947,230
NVDA,20250505 13:20:00 US/Eastern,113.97,114.04,113.95,114.01,145896,114.006,410
NVDA,20250505 13:21:00 US/Eastern,114.01,114.03,113.98,114.01,58092,114.015,193
NVDA,20250505 13:22:00 US/Eastern,114.01,114.04,113.98,113.98,41592,114.019,176
NVDA,20250505 13:23:00 US/Eastern,113.98,114.0,113.95,113.97,80585,113.977,258
NVDA,20250505 13:24:00 US/Eastern,113.98,114.05,113.95,114.03,71508,114.008,219
NVDA,20250505 13:25:00 US/Eastern,114.03,114.16,114.03,114.12,312530,114.108,979
NVDA,20250505 13:26:00 US/Eastern,114.12,114.14,114.05,114.09,97764,114.09,392
NVDA,20250505 13:27:00 US/Eastern,114.09,114.16,114.08,114.12,148550,114.135,509
NVDA,20250505 13:28:00 US/Eastern,114.12,114.15,114.11,114.14,110699,114.13,423
NVDA,20250505 13:29:00 US/Eastern,114.14,114.15,114.11,114.13,96582,114.134,465
NVDA,20250505 13:30:00 US/Eastern,114.14,114.15,114.1,114.12,139521,114.13,446
NVDA,20250505 13:31:00 US/Eastern,114.13,114.2,114.12,114.16,132279,114.16,522
NVDA,20250505 13:32:00 US/Eastern,114.16,114.32,114.14,114.29,295587,114.25,943
NVDA,20250505 13:33:00 US/Eastern,114.29,114.32,114.22,114.27,196276,114.277,770
NVDA,20250505 13:34:00 US/Eastern,114.27,114.31,114.22,114.26,172315,114.274,500
NVDA,20250505 13:35:00 US/Eastern,114.26,114.3,114.22,114.3,112258,114.255,367
NVDA,20250505 13:36:00 US/Eastern,114.3,114.37,114.27,114.33,215909,114.327,643
NVDA,20250505 13:37:00 US/Eastern,114.33,114.34,114.27,114.29,125816,114.31,440
NVDA,20250505 13:38:00 US/Eastern,114.29,114.29,114.18,114.22,195771,114.213,458
NVDA,20250505 13:39:00 US/Eastern,114.21,114.29,114.2,114.29,138973,114.252,424
NVDA,20250505 13:40:00 US/Eastern,114.29,114.32,114.27,114.32,110725,114.304,357
NVDA,20250505 13:41:00 US/Eastern,114.31,114.32,114.22,114.28,142206,114.266,414
NVDA,20250505 13:42:00 US/Eastern,114.28,114.28,114.2,114.25,108077,114.23,321
NVDA,20250505 13:43:00 US/Eastern,114.25,114.26,114.2,114.22,75832,114.226,275
NVDA,20250505 13:44:00 US/Eastern,114.22,114.23,114.19,114.2,71501,114.209,236
NVDA,20250505 13:45:00 US/Eastern,114.2,114.25,114.18,114.21,82356,114.219,351
NVDA,20250505 13:46:00 US/Eastern,114.2,114.25,114.18,114.23,76376,114.214,222
NVDA,20250505 13:47:00 US/Eastern,114.23,114.26,114.22,114.25,78032,114.241,233
NVDA,20250505 13:48:00 US/Eastern,114.25,114.27,114.22,114.25,80187,114.243,371
NVDA,20250505 13:49:00 US/Eastern,114.24,114.26,114.22,114.23,81711,114.242,313
NVDA,20250505 13:50:00 US/Eastern,114.23,114.29,114.2,114.28,153954,114.235,493
NVDA,20250505 13:51:00 US/Eastern,114.28,114.3,114.23,114.27,97351,114.263,385
NVDA,20250505 13:52:00 US/Eastern,114.27,114.27,114.17,114.19,228592,114.208,552
NVDA,20250505 13:53:00 US/Eastern,114.19,114.25,114.16,114.25,104128,114.202,437
NVDA,20250505 13:54:00 US/Eastern,114.25,114.34,114.23,114.31,189201,114.297,562
NVDA,20250505 13:55:00 US/Eastern,114.31,114.34,114.28,114.3,163011,114.305,524
NVDA,20250505 13:56:00 US/Eastern,114.3,114.33,114.27,114.28,68669,114.302,255
NVDA,20250505 13:57:00 US/Eastern,114.28,114.36,114.27,114.35,136601,114.332,435
NVDA,20250505 13:58:00 US/Eastern,114.34,114.35,114.3,114.32,126013,114.328,399
NVDA,20250505 13:59:00 US/Eastern,114.32,114.32,114.25,114.26,133583,114.281,591
NVDA,20250505 14:00:00 US/Eastern,114.27,114.29,114.23,114.25,112067,114.257,380
NVDA,20250505 14:01:00 US/Eastern,114.25,114.28,114.22,114.27,44178,114.251,215
NVDA,20250505 14:02:00 US/Eastern,114.26,114.29,114.24,114.26,84309,114.263,350
NVDA,20250505 14:03:00 US/Eastern,114.26,114.32,114.21,114.3,147731,114.275,480
NVDA,20250505 14:04:00 US/Eastern,114.3,114.32,114.28,114.31,75669,114.307,274
NVDA,20250505 14:05:00 US/Eastern,114.31,114.32,114.27,114.29,83410,114.305,271
NVDA,20250505 14:06:00 US/Eastern,114.3,114.34,114.26,114.34,125156,114.307,483
NVDA,20250505 14:07:00 US/Eastern,114.34,114.53,114.34,114.5,594654,114.454,1739
NVDA,20250505 14:08:00 US/Eastern,114.5,114.5,114.45,114.47,199992,114.47,726
NVDA,20250505 14:09:00 US/Eastern,114.47,114.49,114.39,114.43,176609,114.439,622
NVDA,20250505 14:10:00 US/Eastern,114.43,114.44,114.37,114.38,142270,114.413,438
NVDA,20250505 14:11:00 US/Eastern,114.39,114.44,114.37,114.42,88409,114.414,291
NVDA,20250505 14:12:00 US/Eastern,114.42,114.43,114.39,114.41,71583,114.411,272
NVDA,20250505 14:13:00 US/Eastern,114.4,114.41,114.37,114.39,72806,114.393,271
NVDA,20250505 14:14:00 US/Eastern,114.39,114.47,114.38,114.46,141987,114.444,424
NVDA,20250505 14:15:00 US/Eastern,114.46,114.47,114.43,114.45,100312,114.452,263
NVDA,20250505 14:16:00 US/Eastern,114.45,114.45,114.38,114.39,117074,114.409,362
NVDA,20250505 14:17:00 US/Eastern,114.39,114.41,114.35,114.36,116737,114.379,393
NVDA,20250505 14:18:00 US/Eastern,114.35,114.37,114.31,114.32,147964,114.335,382
NVDA,20250505 14:19:00 US/Eastern,114.32,114.34,114.29,114.33,128626,114.312,442
NVDA,20250505 14:20:00 US/Eastern,114.33,114.39,114.32,114.38,104180,114.353,353
NVDA,20250505 14:21:00 US/Eastern,114.38,114.38,114.35,114.37,77256,114.368,220
NVDA,20250505 14:22:00 US/Eastern,114.37,114.38,114.35,114.36,55177,114.37,220
NVDA,20250505 14:23:00 US/Eastern,114.37,114.38,114.31,114.34,74324,114.347,287
NVDA,20250505 14:24:00 US/Eastern,114.33,114.35,114.31,114.34,113495,114.327,490
NVDA,20250505 14:25:00 US/Eastern,114.33,114.39,114.31,114.39,87978,114.353,342
NVDA,20250505 14:26:00 US/Eastern,114.39,114.44,114.38,114.44,173303,114.421,559
NVDA,20250505 14:27:00 US/Eastern,114.44,114.44,114.37,114.41,97246,114.406,317
NVDA,20250505 14:28:00 US/Eastern,114.39,114.4,114.36,114.38,73260,114.378,309
NVDA,20250505 14:29:00 US/Eastern,114.38,114.39,114.35,114.38,68572,114.372,299
NVDA,20250505 14:30:00 US/Eastern,114.37,114.42,114.34,114.42,103234,114.379,420
NVDA,20250505 14:31:00 US/Eastern,114.41,114.45,114.39,114.41,117640,114.413,369
NVDA,20250505 14:32:00 US/Eastern,114.41,114.47,114.4,114.47,119751,114.442,435
NVDA,20250505 14:33:00 US/Eastern,114.47,114.5,114.45,114.49,130201,114.476,479
NVDA,20250505 14:34:00 US/Eastern,114.48,114.55,114.47,114.53,186248,114.51,542
NVDA,20250505 14:35:00 US/Eastern,114.54,114.54,114.46,114.52,188351,114.499,602
NVDA,20250505 14:36:00 US/Eastern,114.51,114.6,114.51,114.59,265849,114.564,764
NVDA,20250505 14:37:00 US/Eastern,114.59,114.62,114.54,114.55,174898,114.585,580
NVDA,20250505 14:38:00 US/Eastern,114.55,114.61,114.54,114.59,112179,114.581,393
NVDA,20250505 14:39:00 US/Eastern,114.6,114.62,114.56,114.57,113705,114.599,398
NVDA,20250505 14:40:00 US/Eastern,114.58,114.59,114.54,114.58,146431,114.565,465
NVDA,20250505 14:41:00 US/Eastern,114.58,114.61,114.55,114.55,145953,114.584,392
NVDA,20250505 14:42:00 US/Eastern,114.56,114.57,114.5,114.53,188360,114.525,551
NVDA,20250505 14:43:00 US/Eastern,114.53,114.65,114.52,114.64,224001,114.602,622
NVDA,20250505 14:44:00 US/Eastern,114.64,114.67,114.62,114.66,207752,114.646,531
NVDA,20250505 14:45:00 US/Eastern,114.65,114.66,114.62,114.64,127759,114.64,385
NVDA,20250505 14:46:00 US/Eastern,114.63,114.65,114.58,114.64,134261,114.621,433
NVDA,20250505 14:47:00 US/Eastern,114.64,114.65,114.58,114.59,114282,114.599,320
NVDA,20250505 14:48:00 US/Eastern,114.59,114.61,114.53,114.53,130676,114.572,419
NVDA,20250505 14:49:00 US/Eastern,114.53,114.58,114.53,114.57,81862,114.559,270
NVDA,20250505 14:50:00 US/Eastern,114.57,114.58,114.52,114.54,90487,114.547,400
NVDA,20250505 14:51:00 US/Eastern,114.55,114.6,114.54,114.59,105900,114.571,323
NVDA,20250505 14:52:00 US/Eastern,114.6,114.64,114.57,114.57,122919,114.605,347
NVDA,20250505 14:53:00 US/Eastern,114.57,114.57,114.36,114.36,297511,114.471,1400
NVDA,20250505 14:54:00 US/Eastern,114.37,114.4,114.3,114.33,280450,114.345,1105
NVDA,20250505 14:55:00 US/Eastern,114.33,114.34,114.22,114.24,275826,114.272,878
NVDA,20250505 14:56:00 US/Eastern,114.23,114.33,114.17,114.28,179908,114.27,652
NVDA,20250505 14:57:00 US/Eastern,114.28,114.31,114.24,114.3,116890,114.279,464
NVDA,20250505 14:58:00 US/Eastern,114.3,114.32,114.19,114.2,267201,114.229,847
NVDA,20250505 14:59:00 US/Eastern,114.21,114.22,114.13,114.18,230493,114.166,812
NVDA,20250505 15:00:00 US/Eastern,114.17,114.25,114.12,114.12,223048,114.163,788
NVDA,20250505 15:01:00 US/Eastern,114.13,114.22,114.07,114.21,271942,114.135,1035
NVDA,20250505 15:02:00 US/Eastern,114.22,114.22,114.13,114.2,103715,114.192,376
NVDA,20250505 15:03:00 US/Eastern,114.2,114.21,114.1,114.19,136808,114.151,472
NVDA,20250505 15:04:00 US/Eastern,114.19,114.27,114.17,114.26,108125,114.217,420
NVDA,20250505 15:05:00 US/Eastern,114.26,114.34,114.24,114.34,194571,114.287,594
NVDA,20250505 15:06:00 US/Eastern,114.34,114.34,114.21,114.26,140378,114.281,520
NVDA,20250505 15:07:00 US/Eastern,114.25,114.26,114.17,114.23,116888,114.205,401
NVDA,20250505 15:08:00 US/Eastern,114.23,114.23,114.16,114.18,92070,114.19,283
NVDA,20250505 15:09:00 US/Eastern,114.18,114.19,114.14,114.17,119186,114.164,399
NVDA,20250505 15:10:00 US/Eastern,114.16,114.17,114.04,114.11,201422,114.102,761
NVDA,20250505 15:11:00 US/Eastern,114.13,114.16,114.08,114.09,121195,114.12,438
NVDA,20250505 15:12:00 US/Eastern,114.09,114.23,114.08,114.22,199552,114.156,619
NVDA,20250505 15:13:00 US/Eastern,114.22,114.22,114.13,114.21,133482,114.175,460
NVDA,20250505 15:14:00 US/Eastern,114.2,114.2,114.14,114.17,83001,114.181,282
NVDA,20250505 15:15:00 US/Eastern,114.17,114.25,114.14,114.25,152309,114.211,474
NVDA,20250505 15:16:00 US/Eastern,114.25,114.36,114.21,114.34,253077,114.286,914
NVDA,20250505 15:17:00 US/Eastern,114.34,114.37,114.31,114.33,195921,114.348,690
NVDA,20250505 15:18:00 US/Eastern,114.33,114.37,114.3,114.36,113017,114.327,393
NVDA,20250505 15:19:00 US/Eastern,114.36,114.36,114.29,114.32,142877,114.331,609
NVDA,20250505 15:20:00 US/Eastern,114.32,114.34,114.28,114.31,101163,114.316,400
NVDA,20250505 15:21:00 US/Eastern,114.32,114.35,114.24,114.25,159358,114.291,515
NVDA,20250505 15:22:00 US/Eastern,114.25,114.27,114.14,114.21,282299,114.215,909
NVDA,20250505 15:23:00 US/Eastern,114.21,114.33,114.21,114.29,175136,114.283,617
NVDA,20250505 15:24:00 US/Eastern,114.28,114.32,114.23,114.27,180629,114.28,543
NVDA,20250505 15:25:00 US/Eastern,114.26,114.31,114.22,114.26,157944,114.266,547
NVDA,20250505 15:26:00 US/Eastern,114.26,114.29,114.22,114.27,136100,114.257,396
NVDA,20250505 15:27:00 US/Eastern,114.27,114.37,114.26,114.36,165976,114.325,503
NVDA,20250505 15:28:00 US/Eastern,114.36,114.4,114.35,114.35,194777,114.376,639
NVDA,20250505 15:29:00 US/Eastern,114.36,114.42,114.35,114.37,145938,114.385,508
NVDA,20250505 15:30:00 US/Eastern,114.36,114.49,114.33,114.45,242515,114.434,723
NVDA,20250505 15:31:00 US/Eastern,114.45,114.53,114.42,114.53,228955,114.476,694
NVDA,20250505 15:32:00 US/Eastern,114.52,114.55,114.47,114.53,178498,114.511,584
NVDA,20250505 15:33:00 US/Eastern,114.54,114.54,114.47,114.5,147233,114.5,572
NVDA,20250505 15:34:00 US/Eastern,114.51,114.52,114.47,114.51,134101,114.488,614
NVDA,20250505 15:35:00 US/Eastern,114.5,114.54,114.48,114.53,144960,114.503,622
NVDA,20250505 15:36:00 US/Eastern,114.54,114.6,114.5,114.58,236927,114.547,856
NVDA,20250505 15:37:00 US/Eastern,114.58,114.62,114.55,114.56,194959,114.584,637
NVDA,20250505 15:38:00 US/Eastern,114.56,114.62,114.54,114.58,154546,114.579,461
NVDA,20250505 15:39:00 US/Eastern,114.57,114.58,114.51,114.51,164434,114.535,561
NVDA,20250505 15:40:00 US/Eastern,114.52,114.54,114.49,114.53,193302,114.512,653
NVDA,20250505 15:41:00 US/Eastern,114.53,114.55,114.49,114.5,173143,114.513,596
NVDA,20250505 15:42:00 US/Eastern,114.5,114.52,114.41,114.48,229522,114.452,739
NVDA,20250505 15:43:00 US/Eastern,114.48,114.49,114.3,114.31,336587,114.362,975
NVDA,20250505 15:44:00 US/Eastern,114.32,114.33,114.25,114.29,225564,114.283,748
NVDA,20250505 15:45:00 US/Eastern,114.28,114.3,114.22,114.23,173527,114.258,564
NVDA,20250505 15:46:00 US/Eastern,114.22,114.22,114.05,114.13,459781,114.111,1225
NVDA,20250505 15:47:00 US/Eastern,114.13,114.27,114.1,114.27,285568,114.186,851
NVDA,20250505 15:48:00 US/Eastern,114.27,114.32,114.22,114.29,214032,114.276,601
NVDA,20250505 15:49:00 US/Eastern,114.28,114.32,114.21,114.26,154332,114.26,617
NVDA,20250505 15:50:00 US/Eastern,114.26,114.38,114.2,114.27,288245,114.264,1300
NVDA,20250505 15:51:00 US/Eastern,114.26,114.28,114.1,114.11,287446,114.183,985
NVDA,20250505 15:52:00 US/Eastern,114.12,114.14,114.07,114.14,249870,114.11,943
NVDA,20250505 15:53:00 US/Eastern,114.13,114.14,114.02,114.04,391604,114.046,1303
NVDA,20250505 15:54:00 US/Eastern,114.03,114.05,113.69,113.88,695000,113.863,2793
NVDA,20250505 15:55:00 US/Eastern,113.87,114.02,113.78,113.95,485637,113.93,2025
NVDA,20250505 15:56:00 US/Eastern,113.94,113.95,113.82,113.84,356879,113.883,1458
NVDA,20250505 15:57:00 US/Eastern,113.84,113.92,113.81,113.89,534069,113.87,1941
NVDA,20250505 15:58:00 US/Eastern,113.89,113.91,113.76,113.77,596469,113.825,2131
NVDA,20250505 15:59:00 US/Eastern,113.77,113.88,113.69,113.82,1729118,113.757,6499
